{"cameraMode":{"drawMode":0,"name":"Shaded","section":"Shading Mode"},"sceneLighting":false,"audioPlay":false,"sceneViewState":{"m_AlwaysRefresh":false,"showFog":true,"showSkybox":true,"showFlares":true,"showImageEffects":true,"showParticleSystems":true,"showVisualEffectGraphs":true,"m_FxEnabled":true},"in2DMode":false,"pivot":{"x":52.457176208496097,"y":22.881622314453126,"z":-34.8781852722168},"rotation":{"x":0.6120263934135437,"y":-0.014689010567963124,"z":0.011359385214745999,"w":0.7906313538551331},"size":10.136075019836426,"orthographic":false}